Sample_ID,DNA_Sequence,Cancer_Status,Sequence_Length,GC_Content,AT_Content,Kmer_ATG_Count,Kmer_CGG_Count
S1,ATGCGTACGTTAGCCTAGGCTA,Healthy,22,50.0,50.0,1,0
S2,TTAGCGATCGGATCGATCGTAA,Cancer,22,45.45,54.55,0,1
S3,CGATGCTAGCTAGCGTAGCTA,Cancer,21,52.38,47.62,1,0
S4,GCTAGCTAGATCGATGCTAGC,Healthy,21,52.38,47.62,1,0
S5,ATCGATGCTAGCTAGCGATCGA,Cancer,22,50.0,50.0,1,0
S6,TAGCTAGCTAGCGTACGATCAG,Healthy,22,50.0,50.0,0,0
S7,GCGTAGCTAGCTAGCATCGTAC,Healthy,22,54.55,45.45,0,0
S8,CTAGCTAGCATCGATGCTAGC,Cancer,21,52.38,47.62,1,0
S9,CAACAACGGGGCCGCCGGAACATT,Healthy,24,62.5,37.5,0,2
S10,AACCCCATAGCCTCCATTCT,Cancer,20,50.0,50.0,0,0
S11,AAATGGTAGAGGACTGTCCTCG,Cancer,22,50.0,50.0,1,0
S12,GTCAACCTCTTCCCCCTATGC,Healthy,21,57.14,42.86,1,0
S13,AGTGCTCGCAACTATATTCAC,Cancer,21,42.86,57.14,0,0
S14,GGCTTTCTCGTTTGACGAGCCCT,Healthy,23,56.52,43.48,0,0
S15,GCAAGGGCTTCACAAGAGGTGCCCG,Healthy,25,64.0,36.0,0,0
S16,TGAATAATAACCCCAGAGACAT,Cancer,22,36.36,63.64,0,0
S17,CCCGTATCCCCAGCATTTCCAGAA,Healthy,24,54.17,45.83,0,0
S18,ACTAGAAGAGCGGGGTCCGCCTCC,Cancer,24,66.67,33.33,0,1
S19,GACGTAACCGCGAAATATCTTA,Healthy,22,40.91,59.09,0,0
S20,ACGCAGTAGGCCATTATTAT,Cancer,20,40.0,60.0,0,0
S21,ACGTAAAGCCACTGTCACATGT,Cancer,22,45.45,54.55,1,0
S22,CACAACATAACACATTTCGGGTT,Healthy,23,39.13,60.87,0,1
S23,TACTGGCTCAGGCTATTCTCAGTAC,Healthy,25,48.0,52.0,0,0
S24,AGACGACAAGAATCCGAGGGC,Cancer,21,57.14,42.86,0,0
S25,GCTCTGACATATACCCCGACTTCAC,Cancer,25,52.0,48.0,0,0
S26,CCATAAGAGTTTTCCATCTCCTT,Cancer,23,39.13,60.87,0,0
S27,GATTCTCACGTATCAGGGGG,Healthy,20,55.0,45.0,0,0
S28,TCTGTTCCGCAAGCGGTGCGT,Cancer,21,61.9,38.1,0,1
S29,AGTAGGCGCGTCACATCCATC,Cancer,21,57.14,42.86,0,0
S30,CGTCGAGTAGTAGATAGAATT,Healthy,21,38.1,61.9,0,0
S31,AATGTGCGGATAGGCTGCCTAA,Healthy,22,50.0,50.0,1,1
S32,GCCCCAACCTCCCGCCGTCCGTG,Healthy,23,78.26,21.74,0,0
S33,TAAAGAATTTGCTGGGAACG,Cancer,20,40.0,60.0,0,0
S34,GGACGCCTGGGACTCAGCACGC,Cancer,22,72.73,27.27,0,0
S35,CCTGTAGGAGGGCGTGAGGT,Healthy,20,65.0,35.0,0,0
S36,CGAGGTGAACATAGGTAGGGATTCG,Cancer,25,52.0,48.0,0,0
S37,ATCTAATAAGTGTTGGTTGTGTT,Healthy,23,30.43,69.57,0,0
S38,TACCGCTTAAGATCCTAATACATCG,Healthy,25,40.0,60.0,0,0
S39,CGTGTATCCGCTATCCGACCTAGT,Cancer,24,54.17,45.83,0,0
S40,GTTCACACGCGAATAACCAAA,Cancer,21,42.86,57.14,0,0
S41,GCCTGGCTATCACGTTAAAGTCC,Cancer,23,52.17,47.83,0,0
S42,CCCAACTCGAGAATCTGTATCC,Cancer,22,50.0,50.0,0,0
S43,CAGGGTACCATCTATGCTAAGT,Cancer,22,45.45,54.55,1,0
S44,CGTTAACTCCCAAGCATTTGGC,Cancer,22,50.0,50.0,0,0
S45,AGCCCTCTTTTGGAGAGGGCCT,Cancer,22,59.09,40.91,0,0
S46,TCGCATGGTGGCTTAATTATGGAA,Cancer,24,41.67,58.33,2,0
S47,ATGCCCAATTGTATCATATCAAACG,Cancer,25,36.0,64.0,1,0
S48,GCTTCACCCACACCCTTCGGCCG,Healthy,23,69.57,30.43,0,1
S49,ATCCTGGAGTATGTCCTTTTCAGG,Cancer,24,45.83,54.17,1,0
S50,GAACCAGAAATGGCAGTTGCTCCG,Cancer,24,54.17,45.83,1,0
S51,TTGGCTGGACAGAAAAACAATTGTC,Cancer,25,40.0,60.0,0,0
S52,TACCTCACCGAGATCGGTACACC,Cancer,23,56.52,43.48,0,1
S53,TCCTGTGTCTACAGAAGGGTCATG,Healthy,24,50.0,50.0,1,0
S54,CCAATATGGGTTGTTAACACTC,Healthy,22,40.91,59.09,1,0
S55,GGGACGCACGCCCTCTGTTAT,Healthy,21,61.9,38.1,0,0
S56,CTCCGGTCTGCGTTCACTTGTG,Healthy,22,59.09,40.91,0,1
S57,AGGAGACAGCAGAGCTTAGTAAG,Healthy,23,47.83,52.17,0,0
S58,CAGCGTTAAGCTTGGAATCGGAAGT,Healthy,25,48.0,52.0,0,1
S59,AAGAGCGATTTTAGTCAGCG,Cancer,20,45.0,55.0,0,0
S60,ATGTGGCTCGTTAACGGCAGCC,Healthy,22,59.09,40.91,1,1
S61,CCCGCTTTAACGGGCCTTAAACACA,Healthy,25,52.0,48.0,0,1
S62,TCATGCCAAGTAATAGTACT,Cancer,20,35.0,65.0,1,0
S63,ATAACTCACTAATGGTCCTT,Healthy,20,35.0,65.0,1,0
S64,TGCGTCCTACGAAGTCTCCAGACG,Cancer,24,58.33,41.67,0,0
S65,AACTGGCCCGGGATTATGTAATAGG,Healthy,25,48.0,52.0,1,1
S66,TTCGAAATCAAGACTGCATATAA,Healthy,23,30.43,69.57,0,0
S67,AGTCGACAGAGTGAGATACAAACAG,Cancer,25,44.0,56.0,0,0
S68,CAGTTATATCTCTCTGAGGGAA,Healthy,22,40.91,59.09,0,0
S69,CAGTCCGCGTCCTCGAAGAACTCA,Cancer,24,58.33,41.67,0,0
S70,CTGTCACTATTAGGCGGTTCG,Cancer,21,52.38,47.62,0,1
S71,CTAACAATATCGCGGCCGGGGCTA,Cancer,24,58.33,41.67,0,2
S72,GTCCGACCGGTTGAGGAGCGG,Healthy,21,71.43,28.57,0,2
S73,CAAGTCACTTGTCGTCGCAATA,Cancer,22,45.45,54.55,0,0
S74,CGTCCTACCATCAAGGGACGT,Cancer,21,57.14,42.86,0,0
S75,TACAGAACTGATTTGCACCATT,Cancer,22,36.36,63.64,0,0
S76,TCTCAGTCAAGTAGTTTCTGCG,Healthy,22,45.45,54.55,0,0
S77,CTCATCCCGCAGTGGGAAAAAT,Cancer,22,50.0,50.0,0,0
S78,ATGCGGCTTTGGAATTTACTG,Cancer,21,42.86,57.14,1,1
S79,ACGCCTAACCGGTGACACGAG,Cancer,21,61.9,38.1,0,1
S80,AGCGTGAGCGCTGGGAGAAA,Cancer,20,60.0,40.0,0,0
S81,TCCGCCAGTACGACTCCCCC,Healthy,20,70.0,30.0,0,0
S82,GCCCCGGTTGATTCGTTGCGA,Healthy,21,61.9,38.1,0,1
S83,TAACGTTACGACCGCACGGATCC,Healthy,23,56.52,43.48,0,1
S84,AGATTTTAGTCAGTACCATGACAA,Cancer,24,33.33,66.67,1,0
S85,GATCCAAATCTACATCATCC,Cancer,20,40.0,60.0,0,0
S86,GTAGGGTCCGAACAACGCGA,Cancer,20,60.0,40.0,0,0
S87,CTATAATCTCCCCTAACAGCTCG,Healthy,23,47.83,52.17,0,0
S88,ACACGATGAGGACGTTGGCG,Cancer,20,60.0,40.0,1,0
S89,ATTGAGTAGCCCTCAAGGGCG,Cancer,21,57.14,42.86,0,0
S90,CGTTCCTATACCTGTATTTC,Cancer,20,40.0,60.0,0,0
S91,GGAGCAATTCTTGGCTGCGCA,Cancer,21,57.14,42.86,0,0
S92,CAGCCGTTTCCGATATAACAGAC,Healthy,23,47.83,52.17,0,0
S93,ATCAACGCCGGTGGATCGGCATT,Cancer,23,56.52,43.48,0,2
S94,TAGGTGATGTGGATCAGGTCG,Cancer,21,52.38,47.62,1,0
S95,TAAATGATCACCCGACCCTAT,Cancer,21,42.86,57.14,1,0
S96,GCTACTCGTTTACTTCCGCGAG,Cancer,22,54.55,45.45,0,0
S97,CTGGCAATACCGCGAGAAACTTTT,Healthy,24,45.83,54.17,0,0
S98,CGGATCGGGTATGAGGCTCTGA,Healthy,22,59.09,40.91,1,2
S99,GCCCTCGTGTGCAGGACCTTA,Healthy,21,61.9,38.1,0,0
S100,TTTACTCCCAATGACGAGGGGAG,Healthy,23,52.17,47.83,1,0
S101,AGCAATTTTATGAGCAGCTTAA,Cancer,22,31.82,68.18,1,0
S102,AATGTATAGTACACTAATCCCC,Healthy,22,36.36,63.64,1,0
S103,AGGTAGGGAGCCGGGCCGCGG,Cancer,21,80.95,19.05,0,2
S104,TGAGGGAACACTACGGAACAG,Cancer,21,52.38,47.62,0,1
S105,AAGTGGTGATCGATTCATCTTT,Healthy,22,36.36,63.64,0,0
S106,TTGCTTAAAATGGATAAACCTACG,Healthy,24,33.33,66.67,1,0
S107,CTACATAGTATCTAAATTATAC,Healthy,22,22.73,77.27,0,0
S108,CGTTAAGATTTGACCGGCTG,Healthy,20,50.0,50.0,0,1
